pdu_hex,sequence_count,stored_flag,packet_seconds,met_seconds,battery1_temp_raw,solar_panel1_temp_raw,battery_soc_raw,t_seconds,direwolf,gr_satellites,reference_union
86829cac82a6609882a6a04040e103f00820e94300f132111f03032502000200000000000000000100010000000ca943a942019300000007018c010402030501000075f200000000000000000003bb7a00000000000000000400a91f020100130000083f083707cc06f00767000640000000012000452ed800360cd80000011800000120004c4000000a2f0800d200f0ff3b005d000000c000c000b00101200000000000000000800f0b0b3c0021498000000dd0044001980d0812b807001b4803c802102e9000c809c800000000000000081d16367ceca49efbe9f1056e0ffb2a6e2a4dfffffd84fffe3bd300003de0fc43c8c3fd6eebad0000d8f000000107001208d621b99ff7,10563,0,839982851,829763,2111,1776,93,0,false,false,false
86829cac82a6609882a6a04040e103f00820e94800f132111f08032502000200000000000000000100010000000ca948a947019300000007018c010402030501000075f200000000000000000003bb7b00000000000000000400a924020100130000083e083607ca06f00767000640000000015000422ed800390cd80000014800000150004a4000000a2f0800d200effea6005d000000c000c000b00101200000000000000000800f0b0b3c0021498000000dc0043001980d0812b807001b4803c802102e9000c809c800000000000000081d16367e73769eec0634055896202a4a87ceffffef4efffde3ea0000b1d4fc3fc8c5fd74ebad0000d8f000000107001208db7804df8b,10568,0,839982856,829768,2110,1776,93,5,false,false,false
86829cac82a6609882a6a04040e103f00820e94d00f132111f0d032502000200000000000000000100010000000ca94da94c019300000007018c010402030501000075f300000000000000000003bb8600000000000000000400a929020100130000083f083707cb06ef076600063ff800000188005a2ec800380cd80000018000000188005b3ff8000a2f0800d100efff3a005d000000c000c000b00101200000000000000000800f0b0b3c0021498000000dc0044001980d0812b807001b4803c802102e9000c809c800000000000000081d16367e84be9edc152905469b482a280a94fffff1e9fffe6f08ffffe954fc40c8bafd79ebad0000d8f000000107001208ce97d366fa,10573,0,839982861,829773,2111,1775,93,10,false,false,false
86829cac82a6609882a6a04040e103f00820e96100f132111f21032502000200000000000000000100010000000ca961a960019300000007018c010402030501000075f300000000000000000003bb9900000000000000000400a93d020100130000083f083707cb06ee0764000640000000036000432ed800360cd8000003480001036000494000000a2f0800cf00ecff4c005d000001e801d801e80101200000000000000000820f0b0b3c0021498000000da0040001980d0812b807001b4803c802102e9000c809c800000000000000081d163685dffd9ea8c9730502c5db29afd06200002d85fffed5eaffffe094fc2ac89bfd9cebad0000d8f000000107001208b550b3049c,10593,0,839982881,829793,2111,1774,93,30,false,false,false
86829cac82a6609882a6a04040e103f00820e96600f132111f26032502000200000000000000000100010000000ca966a965019300000007018c010402030501000075f300000000000000000003bb9a00000000000000000400a942020100130000083c083407c806ed076400063f680000045000592ec800360cd8000004380000044801053f5800eb2ea000ce00ebfd74005e000001e801d801e80101200000000000000000820f0b0b3c0021498000000d90040001980d0812b807001b4803c802102e9000c809c800000000000000081d163686281d9e9cfde604f477b32995931100004378fffebdc400000435fc29c88ffd98ebad0000d8f000000107001208b5677f2faf,10598,0,839982886,829798,2108,1773,94,35,false,false,false
86829cac82a6609882a6a04040e103f00820e96b00f132111f2b032502000200000000000000000100010000000ca96ba96a019300000007018c010402030501000075f700000000000000000003bba400000000000000000400a947020100130000083c083407c806ed076300063f70000104c000422ed800360cd8000104b0000004b800f53f6800eb2ea000cd00ebfd7b005e000001e801d801e80101200000000000000000820f0b0b3c0021498000000d8003f001980d0812b807001b4803c802102e9000c809c800000000000000081d163686a4369e91eec304e6848e297ca851fffffc1efffeab4800001e7ffc2dc896fd9cebad0000d8f000000107001208b1d52cf5ff,10603,0,839982891,829803,2108,1773,94,40,false,false,false
86829cac82a6609882a6a04040e103f00820e97000f132111f30032502000200000000000000000100010000000ca970a96f019300000007018c010402030501000075fa00000000000000000003bbb000000000000000000400a94c020100130000083f083707cb06ec0763000640000000055000432ed800390cd8000005280001054000494000000a2f0800cd00eaff55005d000001e801d801e80101200000000000000000820f0b0b3c0021498000000d8003f001980d0812b807001b4803c802102e9000c809c800000000000000081d1636872b529e87cf8a04da04982965a1dcffffbd7effff3500ffff9aacfc2fc886fda0ebad0000d8f000000107001208b5db681eac,10608,0,839982896,829808,2111,1772,93,45,false,false,false
86829cac82a6609882a6a04040e103f00820e97500f132111f35032502000200000000000000000100010000000ca975a974019300000007018c010402030501000075fa00000000000000000003bbb800000000000000000400a951020100130000083f083707cb06ec07630006400000010610003a2ee800380cd8000005c8000105f800454000000a2f0800cc00eaff35005d000001e801d801e80101200000000000000000820f0b0b3c0021498000000d7003e001980d0812b807001b4803c802102e9000c809c800000000000000081d16368894629e7e50bd04cd7cda294ed99800002c8cfffedb1e00000b67fc24c855fdbbebad0000d8f000000107001208ad9b68ebcd,10613,0,839982901,829813,2111,1772,93,50,false,false,false
86829cac82a6609882a6a04040e103f00820e97f00f132111f3f032502000200000000000000000100010000000ca97fa97e019300000007018c010402030501000075ff00000000000000000003bbc300000000000000000400a95b020100130000083c083407c706eb07620006400000010670003a2ef000380cd800010610000106c800e93f8000e92ea000cb00e8fd540060000001e801d801e80101200000000000000000820f0b0b3c0021498000000d6003d001980d0812b807001b4803c802102e9000c809c800000000000000081d163689d56b9e6cbdc104b632c329264cfeffffa178ffff037200000955fc20c873fdb8ebad0000d8f000000107001208980f577940,10623,0,839982911,829823,2108,1771,96,60,false,false,false
86829cac82a6609882a6a04040e103f00820e98400f132111f44032502000200000000000000000100010000000ca984a983019300000007018c010402030501000075ff00000000000000000003bbc400000000000000000400a960020100130000083f083707cb06eb076100063ff8000106c800432ed800360cd8000106b80001079800493ff8000a2f0800ca00e8ff46005d000001e801d801e80101200000000000000000820f0b0b3c0021498000000d5003c001980d0812b807001b4803c802102e9000c809c800000000000000081d16368ae4809e64cc3704abebe82913367600002c66fffee09a00002626fc20c866fdccebad0000d8f0000001070012089c697d7788,10628,0,839982916,829828,2111,1771,93,65,false,false,false
86829cac82a6609882a6a04040e103f00820e98900f132111f49032502000200000000000000000100010000000ca989a988019300000007018c0104020305010000760000000000000000000003bbcf00000000000000000400a965020100130000083f083707cb06ea076100063ff80001066800432ed800380cd80001073000010710004c3ff8000a2f0800ca00e7ff46005d000001e801d801e80101200000000000000000820f0b0b3c0021498000000d5003c001980d0812b807001b4803c802102e9000c809c800000000000000081d16368aa70e9e5ce7fc04a3897b2901b62cffffa357ffff82d0ffffd22cfc1cc836fdbbebad0000d8f0000001070012089495f18b48,10633,0,839982921,829833,2111,1770,93,70,false,false,false
86829cac82a6609882a6a04040e103f00820e98e00f132111f4e032502000200000000000000000100010000000ca98ea98d019300000007018c0104020305010000760000000000000000000003bbd000000000000000000400a96a020100130000083f083707ca06ea076000063ff0000107d000562ec800380cd8000107a8000105f0005c3fe8000a2f0800c900e6ff3b005d000001e801d801e80101200000000000000000820f0b0b3c0021498000000d4003b001980d0812b807001b4803c802102e9000c809c800000000000000081d16368d1b169e56ad110499db8128f0b07200003850ffff7610000024c6fc19c845fdcaebad0000d8f0000001070012088ce41b60a9,10638,0,839982926,829838,2111,1770,93,75,false,false,false
86829cac82a6609882a6a04040e103f00820e99300f132111f53032502000200000000000000000100010000000ca993a992019300000007018c0104020305010000760000000000000000000003bbd900000000000000000400a96f020100130000083f083707ca06e9076000063ff80001080800432ed800360cd80001077800010828004a3ff8000a2f0800c800e6ff51005d000001e801d801e80101200000000000000000820f0b0b3c0021498000000d4003b001980d0812b807001b4803c802102e9000c809c800000000000000081d16368d5c899e4fcc170491454a28e0e2ffffffeb0cffff0789ffffdd72fc23c855fdd0ebad0000d8f0000001070012088c7a2e89a5,10643,0,839982931,829843,2111,1769,93,80,true,false,true
86829cac82a6609882a6a04040e103f00820e99800f132111f58032502000200000000000000000100010000000ca998a997019300000007018c0104020305010000760000000000000000000003bbda00000000000000000400a974020100130000083f083707cb06e9075f00063ff8000105f800462ed800380cd800010810000108d8004b3ff8000a2f0800c800e5ff52005d000007d806c807b80101200000000000000000820f0b0b3c0021498000000d3003a001980d0812b807001b4803c802102e9000c809c800000000000000081d16369013919e4ad86e0486bf9128d296db00002bbaffff3b1800000846fc13c853fdceebad0000d8f0000001070012087f7f2fc745,10648,0,839982936,829848,2111,1769,93,85,false,false,false
86829cac82a6609882a6a04040e103f00820e9a200f132111f62032502000200000000000000000100010000000ca9a2a9a1019300000007018c0104020305010000760000000000000000000003bbe300000000000000000900a97e020000130000083f083707cb06e8075e00134000000d46f000422ed800380cd8000d46e0000d46e800444008000a2f0800c700e4ff7c005d000007d806c807b80101200000000000000000820f0b0b3c0021498000000d20039001980d0812b807001b4803c802102e9000c809c800000000000000081d16368c6a0e9e3d7ac00479156728b8f56bffffcc7cffff5c5000000d10fc09c812fde2ebad0000d8f0000001070012087b13c9a47c,10658,0,839982946,829858,2111,1768,93,95,false,false,false
86829cac82a6609882a6a04040e103f00820e9b100f132111f71032502000200000000000000000100010000000ca9b1a9b0019300000007018c0104020305010000760700000000000000000003bc0100000000000000000900a98d0200001300000844083c07d006e2075c01364110006a4b9800432ed800380cd800476338006b4ba800494110000a2f0800d200e60284005d000007d806c807b80101200000000000000000820f0b0b3c0021498000000d00036001980d0812b807001b4803c802102e9000c809c800000000000000081d16368f3c259e2f6d180468c35b289526e600002d5dffff7c9b0000362cfc15c811fdf30437ff1f2700fdfa01070012086f96e67f5b,10673,0,839982961,829873,2116,1762,93,110,false,false,false
86829cac82a6609882a6a04040e103f00820e9b600f132111f76032502000200000000000000000100010000000ca9b6a9b5019300000007018c0104020305010000760700000000000000000003bc0200000000000000000900a9920200001300000846083e07d106e9075b018440d8007c4b8800452ed800360cd800794b98007c4b9800f040d000eb2ea000dc00e9035e005d000007d806c807b80101200000000000000000800f0b0b3c0021498000000d00035001980d0812b807001b4803c802102e9000c809c800000000000000081d163690ba329e2bef01046293ec288b647d0000090effff91e8ffffd388fc0ac7f9fdee043aff1d2700fdf901070012086bc7853ee2,10678,0,839982966,829878,2118,1769,93,115,false,false,false
86829cac82a6609882a6a04040e103f00820e9bb00f132111f7b032502000200000000000000000100010000000ca9bba9ba019300000007018c0104020305010000760700000000000000000003bc0b00000000000000000900a9970200001300000844083c07d006f5076d012d4120007d4bd800432ed800380cd800326440005568f8004a4120000a2f0800e100ec026c005d000007d806c807b80101200000000000000000800f0b0b3c0021498000000cf0035001980d0812b807001b4803c802102e9000c809c800000000000000081d163690d6a39e27d9c9045fa7bb2881b3b0ffff8f21ffff63b000005252fc13c80cfe060456ff1026fffdef01070011085ec18f8657,10683,0,839982971,829883,2116,1781,93,120,false,false,false
86829cac82a6609882a6a04040e103f00820e9c000f132111f80032502000200000000000000000100010000000ca9c0a9bf019300000007018c0104020305010000760700000000000000000003bc0c00000000000000000900a99c0200001300000844083c07d006f8077101244128007d4be000372ef000360cd800316408005568b800564120000a2f0800e600ef0255005e000007d806c807b80101200000000000000000800f0b0b3c0021498000000cf0034001980d0812b807001b4803c802102e9000c809c800000000000000081d1636930f1c9e2609c10457d7aa287b2b9cfffff2d7ffffb012ffffb890fc16c800fe070444ff172700fdf601070011085e1c23b77d,10688,0,839982976,829888,2116,1784,94,125,false,false,false
86829cac82a6609882a6a04040e103f00820e9c500f132111f85032502000200000000000000000100010000000ca9c5a9c4019300000007018c0104020305010000760800000000000000000003bc1700000000000000000900a9a10200001300000844083c07cf06fd0776012e4120007d4bd800582ec800380cd8003263c800576880005a4120000a2f0800e900f10258005d000007d806c807b80101200000000000000000800f0b0b3c0021498000000ce0034001980d0812b807001b4803c802102e9000c809c800000000000000081d163692d3eb9e2253770454bade2872d6b400003a36ffffd3ae00007a48fc19c817fe030455ff1026fffdef010700110856a657e446,10693,0,839982981,829893,2116,1789,93,130,false,false,false
86829cac82a6609882a6a04040e103f00820e9ca00f132111f8a032502000200000000000000000100010000000ca9caa9c9019300000007018c0104020305010000760800000000000000000003bc1800000000000000000900a9a60200001300000843083b07ce06ff0773011e4128007d4be000452ed800380cd800316088007e4bd000e940f800e82ea000f100f701bc0060000007d806c807b80101200000000000000000800f0b0b3c0021498000000ce0033001980d0812b807001b4803c802102e9000c809c800000000000000081d1636918c3d9e1ed364044fc3be286c9fe4fffff60dffff9592ffffe6c8fc1ac7e4fe0d0455ff1026fffdef0107001108562ef0c21b,10698,0,839982986,829898,2115,1791,96,135,false,false,false
86829cac82a6609882a6a04040e103f00820e9cf00f132111f8f032502000200000000000000000100010000000ca9cfa9ce019300000007018c0104020305010000760800000000000000000003bc2100000000000000000900a9ab0200001300000844083c07cf070c078301274128007e4be0005a2ec800360cd800306350004f684800504120000a2f0800f400fa0241005d000007d806c807b80101200000000000000000800f0b0b3c0021498000000cd0033001980d0812b807001b4803c802102e9000c809c800000000000000081d16369198389e1c1c61044c31c728665da200004cc3fffff15b00000961fc11c7ddfdf60455ff1026fffdef01070011084d83e34b90,10703,0,839982991,829903,2116,1804,93,140,false,false,false
86829cac82a6609882a6a04040e103f00820e9d900f132111f99032502000200000000000000000100010000000ca9d9a9d8019300000007018c0104020305010000760800000000000000000003bc2a00000000000000000900a9b50200001300000843083b07ce070e078101124128007e4be0003b2ef000380cd8002c63100048683800424128000a2f0800fa00ff01bc005e000007d806c807b80101200000000000000000800f0b0b3c0021498000000cd0032001980d0812b807001b4803c802102e9000c809c800000000000000081d1636924f9f9e178d7704482599285ac689ffffe07affffb579ffffce4efc18c806fe160449ff102700fdf7010700110841e1a5b631,10713,0,839983001,829913,2115,1806,94,150,false,false,false
86829cac82a6609882a6a04040e103f00820e9de00f132111f9e032502000200000000000000000100010000000ca9dea9dd019300000007018c0104020305010000760800000000000000000003bc2b00000000000000000900a9ba0200001300000844083b07cf071d079201174128007e4be000462ed800360cd8002d62a0004b67a0004b4128000a2f0800fd01030226005e00006a9064486a000101200000000000000000800f0b0b3c0021498000000cc0031001980d0812b807001b4803c802102e9000c809c800000000000000081d16369644c99e17bb740442b08b28566f7300003cd7ffffcb5600002c7dfc18c801fe1b0448ff112700fdf701070011084155b9247b,10718,0,839983006,829918,2116,1821,94,155,false,false,false
86829cac82a6609882a6a04040e103f00820e9e300f132111fa3032502000200000000000000000100010000000ca9e3a9e2019300000007018c0104020305010000760c00000000000000000003bc3500000000000000000900a9bf0200001300000843083b07ce07200796010c4128004d66d000462ed800360cd800326228005466e8004a4128000a2f08010001050215005e00006a9064486a000101200000000000000000800f0b0b3c0021498000000cc0031001980d0812b807001b4803c802102e9000c809c800000000000000081d16369340629e1482e60440abaf2852e97effff92f1ffff95feffffff76fc13c7bbfe250448ff112700fdf7010700110841ff327ec0,10723,0,839983011,829923,2115,1824,94,160,true,false,true
86829cac82a6609882a6a04040e103f00820e9e800f132111fa8032502000200000000000000000100010000000ca9e8a9e7019300000007018c0104020305010000760f00000000000000000003bc4200000000000000000900a9c40200001300000843083b07ce07210796010c4130007462d000482ed000380cd8002862700046673000574128000a2f080104010701d7005e00006a9064486a000101200000000000000000800f0b0b3c0021498000000cb0030001980d0812b807001b4803c802102e9000c809c800000000000000081d1636917f619e1203b0043f5725284f5c9500000eb5ffffacaa000013affc17c7d8fe080454ff1126fffdf00107001108388619f441,10728,0,839983016,829928,2115,1825,94,165,false,false,false
86829cac82a6609882a6a04040e103f00820e9ed00f132111fad032502000200000000000000000100010000000ca9eda9ec019300000007018c0104020305010000760f00000000000000000003bc4a00000000000000000900a9c90200001300000843083b07ce0729079f010f4130007e4be800472ed800360cd8002b621800476738004a4128000a2f0801060109020c005e00006a9064486a000101200000000000000000800f0b0b3c0021498000000cb0030001980d0812b807001b4803c802102e9000c809c800000000000000081d163691e2249e112842043d3d09284cfa5f00001488ffffb73700000ea8fc14c7b9fe1d0454ff1126fffdf001070011083de2b07f41,10733,0,839983021,829933,2115,1833,94,170,false,false,false
86829cac82a6609882a6a04040e103f00820e9f200f132111fb2032502000200000000000000000100010000000ca9f2a9f1019300000007018c0104020305010000760f00000000000000000003bc4b00000000000000000900a9ce0200001300000843083b07ce073207a7010a4130007e4be8003f2ee800360cd8002a61c80043671000444130000a2f08010b010d0210005e00006a9064486a000101200000000000000000800f0b0b3c0021498000000cb002f001980d0812b807001b4803c802102e9000c809c800000000000000081d16369025539e0ebf3a043eebef28494b9fffffc4d5fffffcc7ffffeeb4fc13c7a6fe210442ff182700fdf70107001108382dea48f1,10738,0,839983026,829938,2115,1842,94,175,false,false,false
86829cac82a6609882a6a04040e103f00820e9f700f132111fb7032502000200000000000000000100010000000ca9f7a9f6019300000007018c0104020305010000760f00000000000000000003bc5400000000000000000900a9d30200001300000843083b07ce073607aa01144130007e4be8005b2ec800380cd8002b6188004866a800524128000a2f08010d010f020e005e00006a9064486a000101200000000000000000800f0b0b3c0021498000000ca002f001980d0812b807001b4803c802102e9000c809c800000000000000081d16369295979e0fb69f043a9a7a2848cbc4ffffb2ff00005493ffffe4f8fc0ec7d7fe3d0447ff112700fdf701070011083483aba2c3,10743,0,839983031,829943,2115,1846,94,180,false,false,false
86829cac82a6609882a6a04040e103f00820e9fc00f132111fbc032502000200000000000000000100010000000ca9fca9fb019300000007018c0104020305010000760f00000000000000000003bc5500000000000000000900a9d80200001300000843083b07ce073a07ad01064130007e4bf000432ed800360cd800296170004366a800494130000a2f08010f01110205005e00006a9064486a000101200000000000000000800f0b0b3c0021498000000ca002f001980d0812b807001b4803c802102e9000c809c800000000000000081d163690b18f9e0da133043bd0ad284629ddfffff174ffffe38000001a66fc13c7d2fe3e0453ff1126fffdf001070011083088e73261,10748,0,839983036,829948,2115,1850,94,185,false,false,false
86829cac82a6609882a6a04040e103f00820ea0100f132111fc1032502000200000000000000000100010000000caa01aa00019300000007018c0104020305010000761000000000000000000003bc6000000000000000000900a9dd0200001300000843083b07ce073e07b201054130007e4bf000452ee800380cd8002861500041669000434130000a2f080111011301ff005e00006a9064486a000101200000000000000000800f0b0b3c0021498000000ca002e001980d0812b807001b4803c802102e9000c809c800000000000000081d163690e31b9e0d6af3043b322e28457372fffff806ffffdd14000011f6fc1ac7e1fe2e0441ff182700fdf7010700110834adbc3dff,10753,0,839983041,829953,2115,1854,94,190,false,false,false
86829cac82a6609882a6a04040e103f00820ea0600f132111fc6032502000200000000000000000100010000000caa06aa05019300000007018c0104020305010000761000000000000000000003bc6100000000000000000900a9e20200001300000843083b07cd074407b500fc4130007f4be800452ed800350cd8002f6090003666b0004a4128000a2f080115011701b9005e00006a9064486a000101200000000000000000800f0b0b3c0021498000000c9002d001980d0812b807001b4803c802102e9000c809c800000000000000081d163692bb919e0e0abe043a2a982844938e00000af5ffffbb76000023ccfc19c794fe300441ff182700fdf701070011082c1bcad391,10758,0,839983046,829958,2115,1860,94,195,false,false,false
86829cac82a6609882a6a04040e103f00820ea0b00f132111fcb032502000200000000000000000100010000000caa0baa0a019300000007018c0104020305010000761000000000000000000003bc6a00000000000000000900a9e70200001300000843083b07ce074a07bd00fd413000686320003c2ee800380cd8002860b8003d663800454130000a2f080117011801ee005e00006a9064486a000101200000000000000000800f0b0b3c0021498000000c9002d001980d0812b807001b4803c802102e9000c809c800000000000000081d1636900c8c9e0c742b043c1c432844254cffffdd34ffffdfcc00000fc5fc22c78cfe4b0453ff1126fffdf101070011083092499cc9,10763,0,839983051,829963,2115,1866,94,200,false,false,false
86829cac82a6609882a6a04040e103f00820ea1000f132111fd0032502000200000000000000000100010000000caa10aa0f019300000007018c0104020305010000761000000000000000000003bc6b00000000000000000900a9ec0200001300000843083b07ce074d07c100ff4138007361b800382ef000380cd8002360c8003a662000554130000a2f080119011a01ee005f00006a9064486a000101200000000000000000800f0b0b3c0021498000000c9002c001980d0812b807001b4803c802102e9000c809c800000000000000081d16369268499e0e36cc0439add028457cabfffffd3700005faf00003719fc19c7b0fe420446ff112700fdf801070011082ca7d5f396,10768,0,839983056,829968,2115,1869,95,205,false,false,false
86829cac82a6609882a6a04040e103f00820ea1500f132111fd5032502000200000000000000000100010000000caa15aa14019300000007018c0104020305010000761000000000000000000003bc7300000000000000000900a9f10200001300000843083b07cd075007c400fe4138007f4bf000442ed800360cd800276068004165b000494130000a2f08011b011b01e3005e00006a9064486a000101200000000000000000800f0b0b3c0021498000000c9002c001980d0812b807001b4803c802102e9000c809c800000000000000081d16369212e99e0dda62043bcd1b2844d6870000634a0000705e0000285dfc21c76ffe480441ff182700fdf801070011082c1cb0a6af,10773,0,839983061,829973,2115,1872,94,210,false,false,false
86829cac82a6609882a6a04040e103f00820ea1a00f132111fda032502000200000000000000000100010000000caa1aaa19019300000007018c0104020305010000761000000000000000000003bc7400000000000000000900a9f60200001300000842083a07cc074d07c101734118007f4bd800392ef000380cd800455e80007660a800f5410800ea2ea0011e011e015c005f00006a9064486a000101200000000000000000800f0b0b3c0021498000000c8002c001980d0812b807001b4803c802102e9000c809c800000000000000081d163691df839e0e2d29043c2cef2845db6dffffca98ffffcf45fffffcfefc1bc790fe3d0452ff1126fffdf101070011082c20dcd8c8,10778,0,839983066,829978,2114,1869,95,215,false,false,false
